[{"routeNo": "002", "Destination": "MACDONALD/DOWNTOWN"}, {"routeNo": "003", "Destination": "MAIN/DOWNTOWN"}, {"routeNo": "004", "Destination": "POWELL/DOWNTOWN/UBC"}, {"routeNo": "005", "Destination": "ROBSON/DOWNTOWN"}, {"routeNo": "006", "Destination": "DAVIE/DOWNTOWN"}, {"routeNo": "007", "Destination": "NANAIMO STN/DUNBAR"}, {"routeNo": "008", "Destination": "FRASER/DOWNTOWN"}, {"routeNo": "009", "Destination": "BDRY/COMM-BWY/GRAN/ALMA/UBC"}, {"routeNo": "010", "Destination": "GRANVILLE/DOWNTOWN"}, {"routeNo": "014", "Destination": "HASTINGS/UBC"}, {"routeNo": "015", "Destination": "CAMBIE/OLYMPIC VILLAGE STN"}, {"routeNo": "016", "Destination": "29TH AVENUE STN/ARBUTUS"}, {"routeNo": "017", "Destination": "OAK/DOWNTOWN"}, {"routeNo": "019", "Destination": "METROTOWN STN/STANLEY PARK"}, {"routeNo": "020", "Destination": "VICTORIA/DOWNTOWN"}, {"routeNo": "022", "Destination": "KNIGHT/DOWNTOWN"}, {"routeNo": "025", "Destination": "BRENTWOOD STN/UBC"}, {"routeNo": "026", "Destination": "JOYCE STN/29TH AVENUE STN"}, {"routeNo": "027", "Destination": "KOOTENAY LOOP/JOYCE STN"}, {"routeNo": "028", "Destination": "CAP UNIVERSIT/PHIBBS EXCH/JOYCE STN"}, {"routeNo": "029", "Destination": "ELLIOTT/29TH AVENUE STN"}, {"routeNo": "032", "Destination": "DUNBAR/DOWNTOWN"}, {"routeNo": "033", "Destination": "29 AVE STN/ UBC"}, {"routeNo": "041", "Destination": "JOYCE STN/CROWN/UBC"}, {"routeNo": "043", "Destination": "JOYCE STN/UBC"}, {"routeNo": "044", "Destination": "UBC/DOWNTOWN"}, {"routeNo": "049", "Destination": "METROTOWN STN/DUNBAR LOOP/UBC"}, {"routeNo": "050", "Destination": "WATERFRONT STN/FALSE CREEK SOUTH"}, {"routeNo": "084", "Destination": "UBC/VCC STATION"}, {"routeNo": "096", "Destination": "GUILDFORD EX/ NEWTON EX (B-LINE)"}, {"routeNo": "097", "Destination": "COQUITLAM STN/LOUGHEED STN (B-LINE)"}, {"routeNo": "099", "Destination": "COMMERCIAL-BROADWAY/UBC (B-LINE)"}, {"routeNo": "100", "Destination": "22ND ST STN/MARPOLE LOOP"}, {"routeNo": "101", "Destination": "LOUGHEED STN/22ND ST STN"}, {"routeNo": "104", "Destination": "22ND ST STN/ANNACIS ISLAND"}, {"routeNo": "106", "Destination": "NEW WESTMINSTER STN/METROTOWN STN"}, {"routeNo": "110", "Destination": "LOUGHEED STN/METROTOWN STN"}, {"routeNo": "112", "Destination": "EDMONDS STN/NEW WEST STN"}, {"routeNo": "116", "Destination": "EDMONDS STN/METROTOWN STN"}, {"routeNo": "123", "Destination": "NEW WEST STN/BRENTWOOD STN"}, {"routeNo": "125", "Destination": "PATTERSON STN/BCIT"}, {"routeNo": "128", "Destination": "BRAID STN/22ND STREET STN"}, {"routeNo": "129", "Destination": "PATTERSON STN/EDMONDS STN"}, {"routeNo": "130", "Destination": "METROTOWN/HASTINGS/KOOTENAY/CAP U"}, {"routeNo": "134", "Destination": "LAKE CITY STN/BRENTWOOD STN"}, {"routeNo": "135", "Destination": "SFU/BURRARD STN"}, {"routeNo": "136", "Destination": "LOUGHEED STN/BRENTWOOD STN"}, {"routeNo": "143", "Destination": "COQUITLAM STN/SFU"}, {"routeNo": "144", "Destination": "SFU/METROTOWN STN"}, {"routeNo": "145", "Destination": "SFU/PRODUCTION STN"}, {"routeNo": "150", "Destination": "WHITE PINE BEACH/COQUITLAM STN"}, {"routeNo": "151", "Destination": "COQUITLAM STN/LOUGHEED STN"}, {"routeNo": "152", "Destination": "COQUITLAM STN/LOUGHEED STN"}, {"routeNo": "153", "Destination": "COQUITLAM REC CTR/BRAID STN"}, {"routeNo": "155", "Destination": "BRAID STN/22ND STREET  STN"}, {"routeNo": "156", "Destination": "BRAID STN/LOUGHEED STN"}, {"routeNo": "157", "Destination": "COQUITLAM REC CENTRE/LOUGHEED STN"}, {"routeNo": "159", "Destination": "PORT COQUITLAM STN/BRAID STN"}, {"routeNo": "160", "Destination": "PORT COQUITLAM STN/VANCOUVER"}, {"routeNo": "169", "Destination": "COQUITLAM STN/BRAID STN"}, {"routeNo": "178", "Destination": "COQUITLAM STN/PORT MOODY STN"}, {"routeNo": "188", "Destination": "COQUITLAM STN/PORT COQUITLAM STN"}, {"routeNo": "190", "Destination": "COQUITLAM STN/VANCOUVER"}, {"routeNo": "209", "Destination": "UPPER LYNN VALLEY/VANCOUVER"}, {"routeNo": "210", "Destination": "UPPER LYNN VALLEY/VANCOUVER"}, {"routeNo": "211", "Destination": "SEYMOUR/PHIBBS EXCH/VANCOUVER"}, {"routeNo": "212", "Destination": "DEEP COVE/PHIBBS EXCH"}, {"routeNo": "214", "Destination": "BLUERIDGE/PHIBBS EXCH/VANCOUVER"}, {"routeNo": "227", "Destination": "LYNN VALLEY CENTRE/PHIBBS EXCHANGE"}, {"routeNo": "228", "Destination": "LYNN VALLEY/LONSDALE QUAY"}, {"routeNo": "229", "Destination": "LYNN VALLEY/LONSDALE QUAY"}, {"routeNo": "230", "Destination": "UPPER LONSDALE/LONSDALE QUAY"}, {"routeNo": "231", "Destination": "HARBOURSIDE/LONSDALE QUAY"}, {"routeNo": "232", "Destination": "GROUSE MOUNTAIN/PHIBBS EXCH"}, {"routeNo": "236", "Destination": "GROUSE MOUNTAIN/LONSDALE QUAY"}, {"routeNo": "239", "Destination": "CAPILANO UNIVERSITY/PARK ROYAL"}, {"routeNo": "240", "Destination": "15TH STREET/VANCOUVER"}, {"routeNo": "241", "Destination": "UPPER LONSDALE/VANCOUVER"}, {"routeNo": "242", "Destination": "LYNN VALLEY/VANCOUVER"}, {"routeNo": "246", "Destination": "LONSDALE QUAY/HIGHLAND/VANCOUVER"}, {"routeNo": "247", "Destination": "UPPER CAPILANO/GROUSE/VANCOUVER"}, {"routeNo": "250", "Destination": "HORSESHOE BAY/DUNDARAVE/VANCOUVER"}, {"routeNo": "251", "Destination": "QUEENS/PARK ROYAL"}, {"routeNo": "252", "Destination": "INGLEWOOD/PARK ROYAL"}, {"routeNo": "253", "Destination": "CAULFEILD/VANCOUVER/PARK ROYAL"}, {"routeNo": "254", "Destination": "BRITISH PROPERTIES/PARK ROYAL/VAN"}, {"routeNo": "255", "Destination": "DUNDARAVE/CAPILANO UNIVERSITY"}, {"routeNo": "256", "Destination": "FOLKSTONE WY/WHITBY ESTATE/SPURAWAY"}, {"routeNo": "257", "Destination": "HORSESHOE BAY/VANCOUVER EXPRESS"}, {"routeNo": "258", "Destination": "UBC/WEST VANCOUVER"}, {"routeNo": "259", "Destination": "LIONS BAY/HORSESHOE BAY"}, {"routeNo": "301", "Destination": "NEWTON EXCHANGE/BRIGHOUSE STATION"}, {"routeNo": "311", "Destination": "SCOTTSDALE/BRIDGEPORT STN"}, {"routeNo": "312", "Destination": "SCOTTSDALE/SCOTT ROAD STN"}, {"routeNo": "314", "Destination": "SURREY CENTRAL/SUNBURY"}, {"routeNo": "316", "Destination": "SURREY CENTRAL STN/SCOTTSDALE"}, {"routeNo": "319", "Destination": "SCOTT ROAD STN/NEWTON EXCHA"}, {"routeNo": "320", "Destination": "LANGLEY/FLEETWOOD/SURREY CTRL STN"}, {"routeNo": "321", "Destination": "WHITE ROCK/NEWTON/SURREY CTRL STN"}, {"routeNo": "323", "Destination": "NEWTON EXCH/SURREY CENTRAL STN"}, {"routeNo": "324", "Destination": "NEWTON EXCH/SURREY CENTRAL STN"}, {"routeNo": "325", "Destination": "NEWTON EXCH/SURREY CENTRAL STN"}, {"routeNo": "326", "Destination": "GUILDFORD/SURREY CENTRAL STN"}, {"routeNo": "329", "Destination": "SURREY CENTRAL STN/SCOTTSDALE"}, {"routeNo": "335", "Destination": "NEWTON/SURREY CENTRAL STN"}, {"routeNo": "337", "Destination": "FRASER HEIGHTS/GUILDFORD/SURREY CTR"}, {"routeNo": "340", "Destination": "SCOTTSDALE/22ND ST STN"}, {"routeNo": "341", "Destination": "GUILDFORD/NEWTON EXCH"}, {"routeNo": "342", "Destination": "LANGLEY CENTRE/NEWTON EXCHANGE"}, {"routeNo": "345", "Destination": "KING GEORGE STN/WHITE ROCK CENTRE"}, {"routeNo": "351", "Destination": "CRESCENT BEACH/BRIDGEPORT STN"}, {"routeNo": "352", "Destination": "OCEAN PARK /BRIDGEPORT STN"}, {"routeNo": "354", "Destination": "WHITE ROCK SOUTH/BRIDGEPORT STATION"}, {"routeNo": "364", "Destination": "LANGLEY CTR/ SCOTTSDALE EX"}, {"routeNo": "375", "Destination": "WHITE ROCK/WHITE ROCK STH/GUILDFORD"}, {"routeNo": "388", "Destination": "22ST STN/CARVOLTH EXCH"}, {"routeNo": "391", "Destination": "SCOTTSDALE/SCOTT ROAD STN"}, {"routeNo": "393", "Destination": "NEWTON EXCH/SURREY CENTRAL STN"}, {"routeNo": "394", "Destination": "WHITE ROCK/KING GEORGE STN EXPRESS"}, {"routeNo": "395", "Destination": "LANGLEY CENTRE/KING GEORGE STN"}, {"routeNo": "401", "Destination": "ONE ROAD/GARDEN CITY"}, {"routeNo": "402", "Destination": "TWO ROAD/BRIGHOUSE STATION"}, {"routeNo": "403", "Destination": "BRIDGEPORT STN/THREE ROAD"}, {"routeNo": "404", "Destination": "FOUR ROAD/BRIGHOUSE STATION"}, {"routeNo": "405", "Destination": "FIVE ROAD/CAMBIE"}, {"routeNo": "407", "Destination": "GILBERT/BRIDGEPORT"}, {"routeNo": "410", "Destination": "22ND ST STN/QUEENSBOROUGH/RAILWAY"}, {"routeNo": "430", "Destination": "METROTOWN/BRIGHOUSE STATION"}, {"routeNo": "480", "Destination": "UBC/BRIDGEPORT STN"}, {"routeNo": "501", "Destination": "LANGLEY CENTRE/SURREY CENTRAL STN"}, {"routeNo": "502", "Destination": "LANGLEY CENTRE/SURREY CENTRAL STN"}, {"routeNo": "503", "Destination": "ALDERGROVE/SURREY CENTRAL STN"}, {"routeNo": "509", "Destination": "WALNUT GROVE/SURREY CENTRAL STN"}, {"routeNo": "531", "Destination": "WHITE ROCK CENTRE/WILLOWBROOK"}, {"routeNo": "555", "Destination": "CARVOLTH EXCH / LOUGHEED STN"}, {"routeNo": "590", "Destination": "LANGLEY SOUTH/LANGLEY CENTRE"}, {"routeNo": "595", "Destination": "MAPLE MEADOWS STN/LANGLEY CENTRE"}, {"routeNo": "601", "Destination": "SOUTH DELTA/BOUNDARY BAY/BRIDGEPORT"}, {"routeNo": "602", "Destination": "TSAWWASSEN HEIGHTS/BRIDGEPORT"}, {"routeNo": "603", "Destination": "BEACH GROVE/BRIDGEPORT"}, {"routeNo": "604", "Destination": "ENGLISH BLUFF/BRIDGEPORT"}, {"routeNo": "606", "Destination": "LADNER RING"}, {"routeNo": "608", "Destination": "LADNER RING"}, {"routeNo": "609", "Destination": "TSAWWASSEN FIRST NATION/SOUTH DELTA"}, {"routeNo": "620", "Destination": "TSAWWASSEN FERRY/BRIDGEPORT STATION"}, {"routeNo": "640", "Destination": "LADNER EXCH/SCOTT ROAD STN"}, {"routeNo": "701", "Destination": "HANEY/MAPLE RIDGE EAST/COQ STN"}, {"routeNo": "791", "Destination": "HANEY PLACE/BRAID STN"}, {"routeNo": "804", "Destination": "HOLY CROSS SCHOOL"}, {"routeNo": "807", "Destination": "SCHOOL SPECIAL"}, {"routeNo": "828", "Destination": "KWANTLEN PARK SCHOOL"}, {"routeNo": "840", "Destination": "BROOKSWOOD SCHOOL"}, {"routeNo": "848", "Destination": "PORT MOODY SS"}, {"routeNo": "855", "Destination": "ELGIN PARK SCHOOL SPECIAL"}, {"routeNo": "861", "Destination": "RIVERSIDE SCHOOL"}, {"routeNo": "863", "Destination": "TERRY FOX/ARCH CARNEY"}, {"routeNo": "864", "Destination": "LORD TWEEDSMUIR SCHOOL"}, {"routeNo": "865", "Destination": "ROBERTSON"}, {"routeNo": "866", "Destination": "GLENEAGLE SCHOOL"}, {"routeNo": "867", "Destination": "HERITAGE WOODS SCHOOL"}, {"routeNo": "868", "Destination": "PINETREE SCHOOL"}, {"routeNo": "880", "Destination": "WINDSOR SCHOOL SPECIALS"}, {"routeNo": "881", "Destination": "CARSON GRAHAM SCHOOL SPECIALS"}, {"routeNo": "890", "Destination": "BTC OPERATIONAL OVERLOADS"}, {"routeNo": "891", "Destination": "NVT OPERATIONAL OVERLOADS"}, {"routeNo": "892", "Destination": "PCT OVERLOADS"}, {"routeNo": "893", "Destination": "RTC OPERATIONAL OVERLOADS"}, {"routeNo": "894", "Destination": "STC OPERATIONAL OVERLOADS"}, {"routeNo": "895", "Destination": "VTC/OTC OPERATIONAL OVERLOADS"}, {"routeNo": "980", "Destination": "CANADA LINE SKYTRAIN"}, {"routeNo": "991", "Destination": "MILLENNIUM SKYTRAIN"}, {"routeNo": "992", "Destination": "EXPO SKYTRAIN"}, {"routeNo": "996", "Destination": "MILLENNIUM SKYTRAIN"}, {"routeNo": "997", "Destination": "WEST COAST EXPRESS"}, {"routeNo": "998", "Destination": "SEABUS"}, {"routeNo": "999", "Destination": "EXPO SKYTRAIN"}, {"routeNo": "C1", "Destination": "HASTINGS & GILMORE/KOOTENAY LOOP"}, {"routeNo": "C10", "Destination": "BLUEWATER/SNUG COVE"}, {"routeNo": "C11", "Destination": "EAGLE CLIFF/SNUG COVE"}, {"routeNo": "C12", "Destination": "LIONS BAY/CAULFEILD"}, {"routeNo": "C15", "Destination": "INDIAN RIVER/PHIBBS EXCH"}, {"routeNo": "C18", "Destination": "WEST MALL/UBC LOOP"}, {"routeNo": "C19", "Destination": "ALMA/SPANISH BANKS"}, {"routeNo": "C2", "Destination": "CAPITOL HILL/HASTINGS AT GILMORE"}, {"routeNo": "C20", "Destination": "TOTEM PARK/UBC LOOP"}, {"routeNo": "C21", "Destination": "YALETOWN/BEACH"}, {"routeNo": "C23", "Destination": "YALETOWN/DAVIE/MAIN ST STN"}, {"routeNo": "C24", "Destination": "PORT MOODY STN/LOUGHEED STN"}, {"routeNo": "C25", "Destination": "IOCO/PORT MOODY STN"}, {"routeNo": "C26", "Destination": "BELCARRA/PORT MOODY STN"}, {"routeNo": "C27", "Destination": "COQUITLAM STN/PORT MOODY STN"}, {"routeNo": "C28", "Destination": "COQUITLAM STN/PORT MOODY STN"}, {"routeNo": "C29", "Destination": "COQUITLAM STN/PARKWAY BOULEVARD"}, {"routeNo": "C3", "Destination": "QUAYSIDE/VICTORIA HILL"}, {"routeNo": "C30", "Destination": "LAFARGE PARK/COQUITLAM STN"}, {"routeNo": "C36", "Destination": "PORT COQ STN/PORT COQ SOUTH"}, {"routeNo": "C37", "Destination": "PORT COQ STN/PRAIRIE/RIVERSIDE"}, {"routeNo": "C38", "Destination": "COQ STN/RIVER SPR/PRAIRIE/POCO"}, {"routeNo": "C4", "Destination": "UPTOWN/NEW WESTMINSTER STATION"}, {"routeNo": "C40", "Destination": "MERIDIAN/PORT COQUITLAM STN"}, {"routeNo": "C41", "Destination": "MEADOWTOWN/MAPLE MDWS STN/P MDW CTR"}, {"routeNo": "C43", "Destination": "HANEY PL/MAPLE MDWS STN/MEADOWTOWN"}, {"routeNo": "C44", "Destination": "HANEY PL/MAPLE MDWS STN/MEADOWTOWN"}, {"routeNo": "C45", "Destination": "COTTONWOOD/HANEY PLACE"}, {"routeNo": "C46", "Destination": "ALBION/HANEY PLACE"}, {"routeNo": "C47", "Destination": "ALOUETTE/HANEY PLACE"}, {"routeNo": "C48", "Destination": "THORNHILL/HANEY PLACE"}, {"routeNo": "C49", "Destination": "RUSKIN/HANEY PLACE"}, {"routeNo": "C5", "Destination": "ROYAL OAK STN/EDMONDS STN"}, {"routeNo": "C50", "Destination": "OCEAN PARK/PEACE ARCH HOSPITAL"}, {"routeNo": "C51", "Destination": "OCEAN PARK/WHITE ROCK CENTRE"}, {"routeNo": "C52", "Destination": "SEASIDE/WHITE ROCK CENTRE"}, {"routeNo": "C53", "Destination": "CRANLEY DRIVE/WHITE ROCK CENTRE"}, {"routeNo": "C6", "Destination": "METROTOWN STN/SUNCREST"}, {"routeNo": "C60", "Destination": "LANGLEY CENTRE/LANGLEY HOSPITAL"}, {"routeNo": "C61", "Destination": "LANGLEY CENTRE/BROOKSWOOD"}, {"routeNo": "C62", "Destination": "LANGLEY CENTRE/WALNUT GROVE"}, {"routeNo": "C63", "Destination": "LANGLEY CENTRE/FERNRIDGE"}, {"routeNo": "C64", "Destination": "LANGLEY CTR/WILLOWBROOK"}, {"routeNo": "C7", "Destination": "METROTOWN STN/EDMONDS STN"}, {"routeNo": "C70", "Destination": "CLOVERDALE/WILLOWBROOK"}, {"routeNo": "C71", "Destination": "SURREY CNTRL/SCOTT RD STN"}, {"routeNo": "C73", "Destination": "GUILDFORD/ SURREY CNTRL STN"}, {"routeNo": "C75", "Destination": "NEWTON EX/SCOTTSDALE"}, {"routeNo": "C76", "Destination": "SCOTTSDALE/LADNER EX"}, {"routeNo": "C8", "Destination": "QUAYSIDE/NEW WESTMINSTER STATION"}, {"routeNo": "C84", "Destination": "ENGLISH BLUFF/SOUTH DELTA REC CENTR"}, {"routeNo": "C86", "Destination": "LADNER SOUTH/LADNER EXCH"}, {"routeNo": "C87", "Destination": "EAST LADNER/LADNER EXCH"}, {"routeNo": "C88", "Destination": "LADNER NORTH/LADNER EXCH"}, {"routeNo": "C89", "Destination": "BOUNDARY BAY/SOUTH DELTA REC CENTRE"}, {"routeNo": "C9", "Destination": "NEW WESTMINSTER STN/LOUGHEED STN"}, {"routeNo": "C92", "Destination": "BRIDGEPORT STATION/SEA ISLAND SOUTH"}, {"routeNo": "C93", "Destination": "RIVERPORT/STEVESTON"}, {"routeNo": "C94", "Destination": "RICHMOND OVAL/BRIGHOUSE STN"}, {"routeNo": "C96", "Destination": "EAST CAMBIE/BRIGHOUSE STATION"}, {"routeNo": "C98", "Destination": "KINGSWOOD/22ND ST STN"}, {"routeNo": "N10", "Destination": "DOWNTOWN/RICHMOND NIGHTBUS"}, {"routeNo": "N15", "Destination": "DOWNTOWN/CAMBIE NIGHTBUS"}, {"routeNo": "N17", "Destination": "DOWNTOWN/UBC NIGHTBUS"}, {"routeNo": "N19", "Destination": "DOWNTOWN/SURREY CNTRL STN NIGHTBUS"}, {"routeNo": "N20", "Destination": "DOWNTOWN/VICTORIA NIGHTBUS"}, {"routeNo": "N22", "Destination": "DOWNTOWN/MACDONALD NIGHTBUS"}, {"routeNo": "N24", "Destination": "DOWNTOWN/ LYNN VALLEY NIGHTBUS"}, {"routeNo": "N35", "Destination": "DOWNTOWN/SFU NIGHTBUS"}, {"routeNo": "N8", "Destination": "DOWNTOWN/FRASER NIGHTBUS"}, {"routeNo": "N9", "Destination": "DOWNTOWN/COQUITLAM STN NIGHTBUS"}, {"routeNo": "P25", "Destination": "NES SHOW UP"}]